lstat_log,crim_log,contaminacion,zn_log,medv_log
1.7884205679625405,0.006300112548479854,1.24278,2.9444389791664403,3.2188758248682006
2.316487998163037,0.026943735447546184,3.31583,0.0,3.1179499062782403
1.6154199841116479,0.026924266937859983,3.31583,0.0,3.5751506887855933
1.3711807233098425,0.031857129935659596,0.9984400000000001,0.0,3.5380565643793527
1.8453002361560848,0.06677040363385237,0.9984400000000001,0.0,3.616308761279101
1.8261608959453874,0.029413160568349615,0.9984400000000001,0.0,3.391147045808654
2.5974910105351463,0.08460765703482563,4.123880000000001,2.6026896854443837,3.173878458937465
3.0032042883926917,0.13501154665587695,4.123880000000001,2.6026896854443837,3.3357695763397
3.4317265866969784,0.19164462825480602,4.123880000000001,2.6026896854443837,2.8622008809294686
2.89591193827178,0.15703793625945525,4.123880000000001,2.6026896854443837,2.990719731730447
3.065724645374026,0.20285104404642812,4.123880000000001,2.6026896854443837,2.772588722239781
2.658159431488745,0.11106720150765238,4.123880000000001,2.6026896854443837,2.990719731730447
2.8160073426073025,0.08963958688495932,4.123880000000001,2.6026896854443837,3.122364924487357
2.225704048658088,0.48843276471410274,4.379320000000001,0.0,3.0633909220278057
2.421256622711544,0.493451565108284,4.379320000000001,0.0,2.954910279033736
2.248128907197987,0.4869775044907406,4.379320000000001,0.0,3.039749158970765
2.0255131996542803,0.719755031081429,4.379320000000001,0.0,3.1822118404966093
2.7517480563679295,0.5789701354975461,4.379320000000001,0.0,2.917770732084279
2.540814281726296,0.5892910882451726,4.379320000000001,0.0,3.054001181677967
2.5079719227189963,0.5456907110920701,4.379320000000001,0.0,2.954910279033736
3.091951131294534,0.8117254554853013,4.379320000000001,0.0,2.681021528714291
2.696652156149841,0.6162877342628865,4.379320000000001,0.0,3.0252910757955354
2.9816333491744893,0.8031085958282843,4.379320000000001,0.0,2.785011242238338
3.038791763014438,0.6873453826321089,4.379320000000001,0.0,2.740840023925201
2.8507065015037334,0.5597643483283525,4.379320000000001,0.0,2.8094026953624978
2.8627721462977607,0.6100590068254429,4.379320000000001,0.0,2.7013612129514133
2.7606426512213806,0.5139666854625483,4.379320000000001,0.0,2.8678989020441064
2.905807566026004,0.6707839777866772,4.379320000000001,0.0,2.760009940032921
2.624668592163159,0.5726673869182406,4.379320000000001,0.0,2.9652730660692823
2.563409711275944,0.6943714308596382,4.379320000000001,0.0,3.091042453358316
3.1612467120315646,0.7565021891227188,4.379320000000001,0.0,2.617395832834079
2.641910398597665,0.8564218244336657,4.379320000000001,0.0,2.740840023925201
3.3572454941329726,0.8704520079168975,4.379320000000001,0.0,2.653241964607215
2.962692419475791,0.7662675223101358,4.379320000000001,0.0,2.6461747973841225
3.060583245873607,0.9604300978281596,4.379320000000001,0.0,2.6741486494265287
2.3683728335320486,0.06219515259296706,2.97404,0.0,2.990719731730447
2.5185025992165158,0.0929801947688742,2.97404,0.0,3.044522437723423
2.2793164660546914,0.07709066236456355,2.97404,0.0,3.091042453358316
2.4096441652874536,0.1613106998822503,2.97404,0.0,3.246490991901174
1.6714733033535532,0.02725518006645146,1.2626,4.330733340286331,3.459466289786131
1.091923300517313,0.03303817907679737,1.2626,4.330733340286331,3.580737295494233
1.7647307968401356,0.11994957590111856,3.09568,0.0,3.3178157727231046
1.918392120161421,0.13234318698771316,3.09568,0.0,3.269568939183719
2.132982308607866,0.14786812872457536,3.09568,0.0,3.246490991901174
2.3561258599220753,0.11572759134397043,3.09568,0.0,3.100092288878234
2.4168062370840686,0.15821668811495349,3.09568,0.0,3.0106208860477417
2.7180005319553784,0.17257420533907458,3.09568,0.0,3.044522437723423
2.9856819377004897,0.20642049726093953,3.09568,0.0,2.8678989020441064
3.4597807057610526,0.2262347685752403,3.09568,0.0,2.7343675094195836
2.8449093838194073,0.1986623163820069,3.09568,0.0,3.0155349008501706
2.670694414558441,0.0850118793258392,2.4759599999999997,3.091042453358316,3.0301337002713233
2.344686269012681,0.04245585903639239,2.4759599999999997,3.091042453358316,3.068052935133617
1.8373699804801074,0.05221287144693424,2.4759599999999997,3.091042453358316,3.258096538021482
2.2438960966453663,0.04860919541462225,2.4759599999999997,3.091042453358316,3.1945831322991562
2.760009940032921,0.013508350024792243,1.64,4.330733340286331,2.990719731730447
1.7595805708638197,0.013024807722689456,0.49166000000000004,4.51085950651685,3.594568774642695
1.9125010869241836,0.02034169765791456,0.3034,4.454347296253507,3.246490991901174
1.599387576580599,0.0142184372375555,0.54252,4.61512051684126,3.484312288372662
2.061786606441115,0.1436240400828755,2.32389,3.258096538021482,3.190476350346503
2.3243465847755584,0.09828756118394519,2.32389,3.258096538021482,3.0252910757955354
2.649714624089247,0.13917046313797143,2.32389,3.258096538021482,2.9806186357439426
2.73696154459663,0.15846422026338805,2.32389,3.258096538021482,2.833213344056216
2.0451088625993306,0.1046032289886448,2.32389,3.258096538021482,3.1441522786722644
2.3513752571634776,0.11911548089016206,2.32389,3.258096538021482,3.258096538021482
2.2027647577118348,0.019322119714037037,0.574218,2.917770732084279,3.5263605246161616
1.7351891177396608,0.03521269175574247,1.3412600000000001,4.394449154672439,3.1986731175506815
2.419478844465545,0.042858319801900656,1.3412600000000001,4.394449154672439,3.0155349008501706
2.2082744135228043,0.05627635827662477,2.48263,2.6026896854443837,3.1354942159291497
2.645465325910589,0.1271083087153749,2.48263,2.6026896854443837,2.91235066461494
2.281361456542419,0.1205879869885934,2.48263,2.6026896854443837,3.086486636822455
2.0438143640366846,0.08458009047306331,4.46453,0.0,3.2268439945173775
2.3869262414277967,0.14735046784990224,4.46453,0.0,3.122364924487357
1.8748743759385615,0.08768115263983375,4.46453,0.0,3.169685580677429
2.1447610078004784,0.17847249197232393,4.46453,0.0,3.1945831322991562
2.0515563381903004,0.07599761422646512,5.60671,0.0,3.2228678461377385
2.2965670206684825,0.09086394630511975,5.60671,0.0,3.109060958860994
2.5626389983283526,0.09670012247721363,5.60671,0.0,3.044522437723423
2.422144328051685,0.08348600348975033,5.60671,0.0,3.0819099697950434
2.590767040487478,0.054923696495899246,5.60671,0.0,3.100092288878234
2.312535423847214,0.08053796962647085,5.60671,0.0,3.0587070727153796
1.8389610707123492,0.04030666175913415,2.07036,3.258096538021482,3.367295829986474
2.1065702090680882,0.043653182921403064,2.07036,3.258096538021482,3.214867803470662
2.0438143640366846,0.03593647980430559,2.07036,3.258096538021482,3.250374491927572
2.1412419425852827,0.03489405897732069,2.07036,3.258096538021482,3.173878458937465
2.362739015813793,0.04935191112196916,2.01601,0.0,3.214867803470662
2.018895041811802,0.055765777905857246,2.01601,0.0,3.3178157727231046
2.6290069937617573,0.050579039368154076,2.01601,0.0,3.1570004211501135
2.244955980157409,0.06906886859909778,2.01601,0.0,3.1441522786722644
1.8718021769015913,0.0550562057480784,1.6674900000000001,0.0,3.202746442938317
1.9021075263969205,0.051662226323793706,1.6674900000000001,0.0,3.391147045808654
2.2834022735772717,0.0457761026365836,1.6674900000000001,0.0,3.1612467120315646
2.2192034840549946,0.038566653148816674,1.6674900000000001,0.0,3.1354942159291497
2.214846178686039,0.0411707337036766,6.97856,3.367295829986474,3.173878458937465
1.9754689512968577,0.028344473009142515,6.97856,3.367295829986474,3.258096538021482
2.4501426573516603,0.04204364799767933,6.97856,3.367295829986474,3.0726933146901194
2.0347056478384444,0.11514845708892209,1.2860500000000001,0.0,3.380994674344636
2.5128460184772416,0.10889027870807165,1.2860500000000001,0.0,3.109060958860994
1.6505798557652755,0.11406948227773037,1.2860500000000001,0.0,3.681351187693145
1.5195132049061133,0.0786910253316489,1.2860500000000001,0.0,3.8022081394209395
1.9726911717329554,0.06634938054153391,1.2860500000000001,0.0,3.5322256440685598
2.343727036325221,0.13859604559025773,4.4512,0.0,3.349904087274605
2.1598687907924505,0.10824435339763891,4.4512,0.0,3.3141860046725258
2.453587966530573,0.20600553079810677,4.4512,0.0,2.975529566236472
2.67000213346468,0.19195005368591092,4.4512,0.0,3.0106208860477417
2.5900171341906173,0.1306773236416162,4.4512,0.0,3.0492730404820207
2.8604851241459652,0.12453353302656035,4.4512,0.0,3.0204248861443626
2.9785861147190205,0.15802886422491005,4.4512,0.0,3.0204248861443626
2.7140322727797574,0.12325249529930257,4.4512,0.0,3.0633909220278057
2.5855058483441162,0.12046388341513765,4.4512,0.0,3.0349529867072724
2.806386101823072,0.23398853135437192,4.4512,0.0,3.0155349008501706
2.6390573296152584,0.1024934094340411,4.4512,0.0,3.122364924487357
2.412335956953165,0.09607352474606409,5.4754700000000005,0.0,3.169685580677429
2.845490610223448,0.11626187928444467,5.4754700000000005,0.0,2.9856819377004897
2.895359299407204,0.20058705560079915,5.4754700000000005,0.0,2.9806186357439426
2.4379897300002487,0.13305252798715148,5.4754700000000005,0.0,2.970414465569701
2.818995095053937,0.15814839260023486,5.4754700000000005,0.0,2.9601050959108397
2.5680215564985067,0.12361488619930212,5.4754700000000005,0.0,3.100092288878234
2.424802725718295,0.1406137533941644,5.4754700000000005,0.0,3.005682604407159
2.7954503913830435,0.12273077538031703,5.4754700000000005,0.0,3.0633909220278057
2.681706225762608,0.13519500804868875,5.4754700000000005,0.0,3.0106208860477417
2.7324175575505043,0.06671427746220379,14.902649999999998,0.0,3.1354942159291497
2.725890119230541,0.06919951680100443,14.902649999999998,0.0,3.0587070727153796
2.9407479652212314,0.08891706002171539,14.902649999999998,0.0,3.068052935133617
3.273742726309041,0.14009232257621806,14.902649999999998,0.0,2.9069010598473755
2.922085733385692,0.09393650947837956,14.902649999999998,0.0,2.9856819377004897
2.7606426512213806,0.15616579098344338,14.902649999999998,0.0,3.109060958860994
3.3414473772563813,0.3273954526862417,14.902649999999998,0.0,2.8154087194227095
2.900871992530031,0.23043689014167512,13.65936,0.0,2.8449093838194073
2.7966713927557385,0.2817369350921532,13.65936,0.0,2.9444389791664403
2.9621754900251482,0.6319364495150488,13.65936,0.0,2.72785282839839
2.6100697927420065,0.29271438907980246,13.65936,0.0,3.005682604407159
2.5847519847577165,0.7852431092803437,13.65936,0.0,3.0252910757955354
2.4948569806411682,0.46376546227858856,13.65936,0.0,3.1780538303479458
2.7744619666214616,0.2850435947287374,13.65936,0.0,2.9652730660692823
2.907447358686419,0.6811606280137663,13.65936,0.0,2.8094026953624978
2.8881470628740535,0.44326173080273074,13.65936,0.0,2.9496883350525844
2.884800712846709,0.2796297392609525,13.65936,0.0,2.91235066461494
2.7466296830696852,0.3018290306776389,13.65936,0.0,2.89591193827178
3.1054831375131102,0.22298353851284425,13.65936,0.0,2.6602595372658615
2.968361076757859,0.43471318246714963,13.65936,0.0,2.9338568698359038
3.22525543183224,0.2553396495305266,13.65936,0.0,2.70805020110221
3.566994266123812,0.9664666021758896,13.65936,0.0,2.7343675094195836
3.325755186495297,1.4634984282783583,17.05418,0.0,2.667228206581955
3.3112726741341683,1.6287306058145095,17.05418,0.0,2.8094026953624978
3.410817625039146,1.3296552241970494,17.05418,0.0,2.5494451709255714
3.3603753871419,1.2176804241557975,17.05418,0.0,2.6946271807700692
2.8707357833793057,1.1490043437281394,17.05418,0.0,2.8094026953624978
3.4187098067467865,1.2145031649491107,17.05418,0.0,2.747270914255491
3.3782698770184507,1.2032695571055652,17.05418,0.0,2.9338568698359038
3.1112906141882632,1.317472010807663,17.05418,0.0,2.797281334830153
2.714694743820879,0.977047109716266,17.05418,0.0,3.1135153092103742
2.658859956911438,0.9148176474178114,17.05418,0.0,3.0252910757955354
2.574137783515943,0.754515055507092,17.05418,0.0,2.791165107812717
2.8207834710894493,1.1471421014887528,17.05418,0.0,3.0155349008501706
2.780060737078482,0.8812229832136547,17.05418,0.0,2.8903717578961645
2.7738379416402132,1.5118272886363335,17.05418,0.0,2.8094026953624978
2.8414149131696336,1.2374114488766446,17.05418,0.0,2.6461747973841225
1.7209792871670078,0.7991185096332698,11.845899999999999,0.0,3.744787086052232
2.005525858729668,0.8513638686748988,11.845899999999999,0.0,3.2308043957334744
2.127040520479115,0.8858397717781171,17.05418,0.0,3.190476350346503
1.8718021769015913,0.8213029001101178,11.845899999999999,0.0,3.332204510175204
1.0043016091968684,0.9015262716731895,11.845899999999999,0.0,3.9318256327243257
1.0715836162801904,1.0416079806003153,11.845899999999999,0.0,3.9318256327243257
1.463255402256019,0.9238699369975489,11.845899999999999,0.0,3.9318256327243257
2.5368663887187113,1.176301459715032,11.845899999999999,0.0,3.1654750481410856
2.3804716316511167,1.3671115417031166,11.845899999999999,0.0,3.258096538021482
1.547562508716013,1.1020031996922046,11.845899999999999,0.0,3.9318256327243257
2.5756610130564646,1.0297194121814914,11.845899999999999,0.0,3.2108436531709366
2.4932054526026954,1.194043673248051,11.845899999999999,0.0,3.2108436531709366
2.511223958105374,1.2382379898788045,11.845899999999999,0.0,3.1484533605716547
2.7363136663750693,0.7918244127486899,11.845899999999999,0.0,2.91235066461494
2.567254391136754,1.1981257435340087,11.845899999999999,0.0,3.0007198150650303
2.753023566744941,0.13027359174921221,2.0655,0.0,3.1822118404966093
2.306577114263583,0.08780939182440828,2.0655,0.0,3.202746442938317
2.3646204839134985,0.08109138838488845,2.0655,0.0,3.1612467120315646
1.8453002361560848,0.06451352082506596,2.0655,0.0,3.414442608412176
2.4078456036515385,0.06786423481612996,2.0655,0.0,3.186352633162641
1.986503546020567,0.05282961364453219,2.0655,0.0,3.242592351485517
2.0693912058263346,0.06430724439516707,2.0655,0.0,3.4307561839036995
1.7984040119467235,0.05619127964974249,1.20048,0.0,3.6428355156125294
2.1471001901536506,0.06380074905066188,1.20048,0.0,3.708682081410116
2.34660197841082,0.06661137129850153,1.20048,0.0,3.616308761279101
1.7613002617433464,0.087122204181403,1.20048,0.0,3.6609942506244004
1.8991179875485542,0.09538290443255226,1.20048,0.0,3.5115454388310208
2.7067159780890733,0.07980883417341514,1.20048,0.0,3.3105430133940246
2.649714624089247,0.058712206079331676,1.20048,0.0,3.4210000089583352
1.6956156086751528,0.05450712449866107,1.20048,0.0,3.9318256327243257
2.038619547159581,0.07580296341550066,1.50328,3.828641396489095,3.4965075614664802
1.715598108262491,0.11848501143594592,1.50328,3.828641396489095,3.427514689979529
1.8547342683894434,0.08038111194681245,1.50328,3.828641396489095,3.580737295494233
1.8082887711792655,0.08680135493654229,1.50328,3.828641396489095,3.6375861597263857
1.7387102481382397,0.06682652665553059,1.50328,3.828641396489095,3.449987545831587
1.3532545070416904,0.08309036653209825,1.50328,3.828641396489095,3.6216707044204863
1.7967470107390942,0.021634282125149704,1.17493,4.110873864173311,3.4688560301359703
1.682688374173693,0.01428744660806955,1.17493,4.110873864173311,3.40452517175483
1.3787660946990992,0.01371551088594122,0.19412000000000001,4.394449154672439,3.9318256327243257
1.6253112615903906,0.039326476790879826,0.6140800000000001,4.394449154672439,3.535145354171894
2.262804222982201,0.04560414180501583,0.6140800000000001,4.394449154672439,3.4436180975461075
2.030776369698555,0.036987452050280596,0.6140800000000001,4.394449154672439,3.572345637857985
1.715598108262491,0.03101405352916946,0.59241,4.564348191467836,3.580737295494233
1.6956156086751528,0.017623784753549428,0.59241,4.564348191467836,3.5234150143864045
2.131796772013764,0.0338698845076152,0.8424499999999999,4.42484663185681,3.2228678461377385
1.413423028508143,0.021536417530524612,0.8424499999999999,4.42484663185681,3.768152635008444
1.57069708411767,0.034498040407567446,1.115148,4.564348191467836,3.901972669574645
1.355835153635182,0.019890858697792765,1.115148,4.564348191467836,3.9318256327243257
2.4740142086215764,0.12788297027984558,5.17851,0.0,3.1612467120315646
2.482403519569882,0.20676210509846787,5.17851,0.0,3.2347491740244907
2.947591898226056,0.22473428542556148,5.17851,0.0,3.1570004211501135
2.751109690562657,0.12739887713087175,5.17851,0.0,3.2347491740244907
3.18179681662678,0.3616595003706892,5.17851,0.0,3.044522437723423
2.9052603703899154,0.1608084674913248,5.17851,0.0,3.122364924487357
3.2180755046974316,0.31902084300745703,5.17851,0.0,3.0106208860477417
2.834976494674597,0.19654492343019744,5.17851,0.0,3.152736022363656
2.3398808777377424,0.1314842987568961,5.17851,0.0,3.370738174177447
3.4193646856176043,0.2542933203064257,5.17851,0.0,3.2068032436339315
2.3485140248824456,0.18067019404472417,5.17851,0.0,3.258096538021482
2.6748380668960965,0.04459088332787514,7.639500000000001,0.0,3.190476350346503
2.3693087250369538,0.06778013642095809,7.639500000000001,0.0,3.391147045808654
2.9402195636237325,0.1049814438191745,7.639500000000001,0.0,3.1135153092103742
2.4423470353692043,0.10818153284452815,7.639500000000001,0.0,3.1780538303479458
2.3711778844596574,0.3060793008727377,3.1434,0.0,3.3214324131932926
3.111735949310297,0.341964270612869,3.1434,0.0,3.122364924487357
2.391511302188447,0.4846212690691169,3.1434,0.0,3.349904087274605
2.151762203259462,0.47914918090543834,3.1434,0.0,3.4372078191851885
1.6370530794670737,0.2740875847172427,3.1248,0.0,3.824284091120139
1.728109442151599,0.4232591836664219,3.1248,0.0,3.9318256327243257
1.4182774069729414,0.32363302267493305,3.1248,0.0,3.653252276470785
1.9960599327407849,0.3452762246773023,3.1248,0.0,3.484312288372662
1.5933085305042167,0.2609709866142154,3.1248,0.0,3.8649313978942956
1.5602476682433286,0.36587846134267826,3.1248,0.0,3.481240089335692
2.5376572151735295,0.4298324645564588,3.1248,0.0,3.2308043957334744
1.8325814637483102,0.3804617805842404,3.1248,0.0,3.487375077903208
1.244154593958768,0.4544393823124307,3.1434,0.0,3.754198920234579
1.599387576580599,0.2862835950379259,3.1434,0.0,3.8979240810486444
2.2027647577118348,0.37012113733570884,3.1434,0.0,3.4011973816621555
2.474856313934499,0.2855172308722698,3.1434,0.0,3.2188758248682006
2.355177543113216,0.41909184102282127,3.1434,0.0,3.261935314328648
1.7457155307266483,0.4133208375737469,3.1434,0.0,3.481240089335692
1.9960599327407849,0.07921775210662887,2.1100399999999997,3.4339872044851463,3.2068032436339315
2.124653884501384,0.08848695445619936,2.1100399999999997,3.4339872044851463,3.190476350346503
2.5160822672564502,0.10731959540732398,2.1100399999999997,3.4339872044851463,3.1354942159291497
2.5952547069568657,0.10085839631038275,2.1100399999999997,3.4339872044851463,3.0492730404820207
2.503073953743449,0.09794307432996419,2.1100399999999997,3.4339872044851463,3.1441522786722644
1.8229350866965048,0.12006487472475483,2.1100399999999997,3.4339872044851463,3.2068032436339315
2.6026896854443837,0.18737543109663357,2.5256600000000002,3.1354942159291497,2.9231615807191558
2.968361076757859,0.17507033007976175,2.5256600000000002,3.1354942159291497,2.970414465569701
2.318458442150336,0.2925427402430482,2.5256600000000002,3.1354942159291497,3.2308043957334744
2.411439497906128,0.1794591306249127,2.5256600000000002,3.1354942159291497,3.068052935133617
2.3532782073095637,0.1521973447384029,2.5256600000000002,3.1354942159291497,3.2386784521643803
2.0228711901914416,0.17456656442088753,2.5256600000000002,3.1354942159291497,3.3032169733019514
1.9315214116032138,0.13129138568117568,2.5256600000000002,3.1354942159291497,3.2347491740244907
1.5238800240724537,0.19399482498004605,2.5256600000000002,3.1354942159291497,3.250374491927572
1.5107219394949425,0.07900524661995385,2.5256600000000002,3.1354942159291497,3.4210000089583352
1.5129270120532565,0.3140367177344588,2.5256600000000002,3.1354942159291497,3.7796338173824005
2.0241930674493576,0.04706486717633035,1.4268800000000001,4.394449154672439,3.131136910560194
2.327277705584417,0.034865087326079396,1.4268800000000001,4.394449154672439,3.086486636822455
1.413423028508143,0.01526292666591237,1.4775,4.51085950651685,3.8066624897703196
1.8115620965242347,0.47719024356009226,2.5685900000000004,3.044522437723423,3.9318256327243257
2.1736147116970854,0.508929827880027,2.5685900000000004,3.044522437723423,3.6109179126442243
2.066862759472976,0.5047974910276488,2.5685900000000004,3.044522437723423,3.4372078191851885
2.359910159613315,0.4318538424460674,2.5685900000000004,3.044522437723423,3.5496173867804286
2.1114245875328868,0.42795692674339125,2.5685900000000004,3.044522437723423,3.7864597824528
1.9329696377795786,0.4188024358799136,2.5685900000000004,3.044522437723423,3.9080149840306073
2.505525936990736,0.6017224426405977,2.5685900000000004,3.044522437723423,3.4657359027997265
2.2082744135228043,0.4383000912017374,2.5685900000000004,3.044522437723423,3.624340932976365
2.4379897300002487,0.5662338402369981,2.5685900000000004,3.044522437723423,3.169685580677429
2.7593768282675506,0.579810495220942,2.5685900000000004,3.044522437723423,3.456316680883235
2.132982308607866,0.45637366182584765,2.28275,3.044522437723423,3.9318256327243257
1.425515074273172,0.43210703905458553,2.28275,3.044522437723423,3.7954891891721947
2.6844403354630764,0.08677384878203846,3.2294400000000003,3.044522437723423,3.077312260546414
2.6390573296152584,0.26171790177397086,3.2294400000000003,3.044522437723423,3.095577608523707
2.0268315914075385,0.1502373183211034,3.2294400000000003,3.044522437723423,3.265759410767051
2.166765369851511,0.10849559615329891,3.2294400000000003,3.044522437723423,3.2347491740244907
2.0255131996542803,0.2003906562548323,3.2294400000000003,3.044522437723423,3.5890591188317256
1.5107219394949425,0.05490476516928596,2.86527,3.713572066704308,3.5085558999826545
1.3812818192963463,0.09170368421021316,2.86527,3.713572066704308,3.4965075614664802
1.9530276168241774,0.09956475262374566,2.86527,3.713572066704308,3.5322256440685598
1.6409365794934714,0.059466304166666525,2.86527,3.713572066704308,3.529297384289471
2.1029138978649784,0.07675731668200717,2.86527,3.713572066704308,3.40452517175483
1.766441661243765,0.19093435989217727,1.474857,3.044522437723423,3.586292865338835
1.5602476682433286,0.035154766074375454,1.474857,3.044522437723423,3.8372994592322094
1.7209792871670078,0.0363801440927505,1.474857,3.044522437723423,3.594568774642695
1.3887912413184778,0.05948514933476599,1.474857,3.044522437723423,3.8501476017100584
1.425515074273172,0.014898464661966655,0.48521000000000003,4.51085950651685,3.9318256327243257
2.180417459019838,0.00901920442015993,1.1880000000000002,4.51085950651685,3.502549875922443
2.222459048514761,0.010900374468288253,0.8752500000000001,4.02535169073515,3.1354942159291497
2.6340447877917144,0.01945943115621908,0.6776,4.394449154672439,3.0492730404820207
2.096790180014449,0.03797955862417436,2.1546000000000003,3.979681653901961,3.186352633162641
2.151762203259462,0.044877758778085454,2.1546000000000003,3.979681653901961,3.1484533605716547
2.3523271848888596,0.04207241242184152,2.1546000000000003,3.979681653901961,3.250374491927572
1.4655675420143985,0.03442075020213025,2.03445,4.394449154672439,3.3843902633457743
1.5173226235262949,0.07590492808946425,2.03445,4.394449154672439,3.6454498961866
1.7404661748405046,0.03551192100135957,2.03445,4.394449154672439,3.3638415951183864
2.259677591982769,0.07941173942416169,6.08304,0.0,3.214867803470662
2.4336133554004498,0.07880193823740345,6.08304,0.0,3.122364924487357
1.9837562915454279,0.12161568167655971,6.08304,0.0,3.3877743613300146
2.127040520479115,0.052326760177767426,6.08304,0.0,3.3357695763397
2.8237570088141806,0.13193136325997015,6.08304,0.0,3.0587070727153796
1.7867469274045107,0.06265549936434228,0.8960000000000001,4.2626798770413155,3.1570004211501135
1.747459210331475,0.054118798887496024,0.8960000000000001,4.2626798770413155,3.4011973816621555
1.9558604799084813,0.04322231145326899,0.8960000000000001,4.2626798770413155,3.250374491927572
2.3513752571634776,0.03475885075645489,2.63697,3.5553480614894135,3.1354942159291497
2.269028309465203,0.0886150903536463,2.63697,3.5553480614894135,3.3105430133940246
1.7681496035889213,0.09531017980432487,2.63697,3.5553480614894135,3.529297384289471
2.0706530356467567,0.05368293691618483,1.02896,3.5263605246161616,3.6136169696133895
2.295560478057081,0.053341694981823305,1.02896,3.5263605246161616,3.380994674344636
2.010894999144726,0.07234856816697788,1.02896,3.5263605246161616,3.5380565643793527
2.143589361503588,0.04814233532601414,1.02896,3.5263605246161616,3.374168709274236
1.7119945007591924,0.4007741226200408,5.3856,0.0,3.169685580677429
2.395164274287139,0.29966004921118794,5.3856,0.0,3.0587070727153796
2.613006652415316,1.290741151786282,5.3856,0.0,2.8390784635086144
1.9430489167742813,0.5824446439039829,5.3856,0.0,3.139832617527748
2.543175557911976,0.2324520921057716,5.3856,0.0,3.0155349008501706
2.186051276738094,0.23852859229108633,5.3856,0.0,3.1179499062782403
2.330200260027019,0.3142266276738932,5.3856,0.0,3.2108436531709366
2.5257286443082556,0.22598750344594104,5.3856,0.0,2.8449093838194073
2.9616582932202395,0.27632027094240774,5.3856,0.0,2.9338568698359038
2.8296776892239084,0.21931222113316776,5.3856,0.0,3.0349529867072724
2.4300984132930052,0.3379140538458848,5.3856,0.0,3.1822118404966093
2.6195832197798796,0.3889765831033406,5.3856,0.0,3.091042453358316
2.1041341542702074,0.15495035999782264,3.63834,0.0,3.2108436531709366
2.063058062429312,0.1668609890983406,3.63834,0.0,3.1822118404966093
2.163323025660538,0.3009486805521662,3.63834,0.0,3.0633909220278057
2.5447466501440172,0.24991789803076372,3.63834,0.0,2.970414465569701
1.9629077254238845,0.29348271614145116,3.63834,0.0,3.258096538021482
1.8050046959780757,0.17551511208097656,3.63834,0.0,3.242592351485517
1.9671123567059163,0.26502993916684736,3.63834,0.0,3.1780538303479458
2.6239436918052106,0.21594167998346536,3.63834,0.0,3.1441522786722644
2.395164274287139,0.06407278770058891,1.4904000000000002,0.0,3.0106208860477417
2.1210632163706555,0.06507587673618768,1.4904000000000002,0.0,3.1612467120315646
2.3115448343655176,0.04443784943056829,1.4904000000000002,0.0,3.0349529867072724
2.5974910105351463,0.049009187801052775,2.653674,3.58351893845611,2.89591193827178
2.178155014615869,0.03407287033313542,2.653674,3.58351893845611,3.0155349008501706
1.8991179875485542,0.049580328098150495,2.6728500000000004,0.0,3.1441522786722644
2.0476928433652555,0.03669830378267371,2.6728500000000004,0.0,3.077312260546414
2.1983350716202463,0.03884564282319823,2.6728500000000004,0.0,3.095577608523707
2.379546134130174,0.03369586385672553,2.6728500000000004,0.0,3.0204248861443626
2.4475508632442313,0.029956781289803308,2.6728500000000004,0.0,2.970414465569701
2.252343876557299,0.032525271703396835,2.6728500000000004,0.0,3.0726933146901194
2.3739750890807185,0.05351233050476122,2.6728500000000004,0.0,2.995732273553991
2.331172549845958,0.059692422747982164,2.6728500000000004,0.0,2.9806186357439426
1.8702625307159986,0.012926096886133677,0.67184,3.58351893845611,3.517497837358316
2.2669579153508947,0.024673100204884193,0.97902,0.0,2.8622008809294686
2.1016921506146558,0.025112036814854834,1.8295199999999998,4.02535169073515,3.214867803470662
1.724550719534605,0.030034417274121015,1.8295199999999998,4.02535169073515,3.4719664525503626
2.4449523342809676,0.030655288259616865,1.9403799999999998,0.0,2.917770732084279
2.6152036507358583,0.05979604334596572,1.9403799999999998,0.0,2.9014215940827497
1.9960599327407849,0.018527304613883622,1.78035,4.454347296253507,3.1822118404966093
1.944480556245719,0.014898464661966655,0.8743499999999998,4.394449154672439,3.2386784521643803
1.9300710850255671,0.028577738631707327,0.53625,3.713572066704308,3.3178157727231046
1.9430489167742813,0.06025749561032605,0.53625,3.713572066704308,3.173878458937465
1.8702625307159986,0.07649797097272498,0.6945899999999999,4.110873864173311,3.2228678461377385
2.1736147116970854,0.06993642619916386,0.6945899999999999,4.110873864173311,2.975529566236472
1.7047480922384253,0.016945608726141724,0.8281999999999999,4.51085950651685,3.4372078191851885
2.2027647577118348,0.042110763700381956,0.7888299999999999,4.394449154672439,2.954910279033736
1.8825138324965192,0.10128321475208404,0.7888299999999999,4.394449154672439,3.0726933146901194
2.9231615807191558,2.3008796395346813,13.937000000000001,0.0,2.9338568698359038
2.658159431488745,1.578916847366148,13.937000000000001,0.0,3.122364924487357
2.5241273629412815,1.8248347351792473,13.937000000000001,0.0,3.1654750481410856
2.6152036507358583,1.6603800451716153,13.937000000000001,0.0,3.1612467120315646
2.1736147116970854,1.7123410111146564,13.937000000000001,0.0,3.258096538021482
2.7206373166076814,1.5762616149393935,13.937000000000001,0.0,3.039749158970765
2.4150205223238337,1.5429176957008952,13.937000000000001,0.0,3.0819099697950434
2.7498317351171653,1.6529551515173315,13.937000000000001,0.0,2.8791984572980396
1.8389610707123492,1.4983454449272653,12.995800000000001,0.0,3.131136910560194
2.0943301541735866,1.7148550264902072,12.995800000000001,0.0,3.349904087274605
2.70805020110221,1.5469133618955864,12.995800000000001,0.0,3.131136910560194
2.6623552418400807,2.675678513070904,11.421100000000001,0.0,3.1822118404966093
1.449269160281279,1.7746506104773532,11.421100000000001,0.0,3.9318256327243257
1.5539252025038417,1.8976168614222872,11.421100000000001,0.0,3.9318256327243257
1.3762440252663892,2.020057712262034,11.421100000000001,0.0,3.9318256327243257
2.354228326145884,2.3255493836278043,11.421100000000001,0.0,3.9318256327243257
2.2905125117597764,2.226486679687524,12.090800000000002,0.0,3.9318256327243257
3.5771095532709265,2.493874650127679,12.090800000000002,0.0,2.6946271807700692
3.662792119350618,2.970322153616776,12.090800000000002,0.0,2.6946271807700692
2.67000213346468,3.0257327258266167,12.145100000000001,0.0,2.772588722239781
3.1880041612011136,2.7904286403681122,12.145100000000001,0.0,2.7013612129514133
3.1018924693823817,2.381718772241792,12.145100000000001,0.0,2.6602595372658615
3.206398303357088,3.204703875510067,12.145100000000001,0.0,2.6461747973841225
3.125882958019036,2.937398463323919,12.145100000000001,0.0,2.4159137783010487
2.9019708937395166,4.4995451909142234,12.145100000000001,0.0,2.4336133554004498
3.0946722214088944,2.825797680570924,12.145100000000001,0.0,2.4765384001174837
3.202746442938317,2.321114360892544,12.67,0.0,2.509599262378372
3.241028629509334,2.19638867250955,12.67,0.0,2.5877640352277083
3.4541060373175574,3.04855714447919,12.67,0.0,2.2823823856765264
3.4597807057610526,2.879861159011059,12.67,0.0,2.1041341542702074
3.3769046890931107,3.2345050497403935,12.67,0.0,2.4423470353692043
3.49620448524049,3.1611238231251,12.67,0.0,2.128231705849268
3.453789831781326,2.730053020578551,12.67,0.0,2.4159137783010487
3.084200921541599,2.213944025142987,12.67,0.0,2.5257286443082556
2.896464271895322,2.0746990638882306,12.67,0.0,2.7788192719904172
2.983659692319722,1.8394458498493202,12.67,0.0,3.186352633162641
3.283914221047423,2.531941305700138,12.67,0.0,2.3702437414678603
2.783157673589016,2.266414762688843,12.5433,0.0,2.6946271807700692
2.8535925063928684,2.6644326359464867,12.5433,0.0,2.617395832834079
2.8970163006148333,2.273851200420946,12.5433,0.0,2.6461747973841225
3.0140632302387145,1.9274624605576969,12.5433,0.0,2.6026896854443837
3.040705639196722,2.160101750967694,12.5433,0.0,2.2512917986064953
3.4528406148139936,3.672541717146316,12.5433,0.0,1.791759469228055
3.4330189939851112,2.390279986333144,12.5433,0.0,1.9878743481543455
3.323956301318708,3.2598680448992714,12.5433,0.0,1.8870696490323797
3.0596455992976437,2.7236741753351374,12.5433,0.0,2.1041341542702074
3.0591764461105257,2.360449202216868,12.5433,0.0,2.5726122302071057
3.033509637888021,3.250440381229692,12.5433,0.0,2.2300144001592104
3.3456846717318967,3.7501908988370403,12.5433,0.0,2.2512917986064953
3.177220149599368,4.232958019253417,12.5433,0.0,1.791759469228055
3.1921210875593813,3.0780585258000213,11.927900000000001,0.0,2.5572273113676265
2.574899688314705,2.5611807266231144,11.927900000000001,0.0,3.3638415951183864
3.3105430133940246,2.1286946938918567,10.8057,0.0,2.9014215940827497
3.0339909856710814,2.736851434907838,10.8057,0.0,3.349904087274605
2.4078456036515385,3.9538518529018067,10.8057,0.0,2.772588722239781
3.100992784211484,2.7114245017411593,10.8057,0.0,2.9014215940827497
3.5658640032173894,2.9862373389921895,10.8057,0.0,2.9391619220655967
3.0483247236731614,3.3896577218278483,10.8057,0.0,2.8507065015037334
3.63705970538414,3.844730829794956,12.5433,0.0,2.0794415416798357
3.4028626609812167,2.9488817271093315,12.289900000000001,0.0,2.1041341542702074
3.2880286835565173,2.4709936445680034,12.289900000000001,0.0,2.1400661634962708
3.319263998899469,3.293634442449129,12.289900000000001,0.0,2.4336133554004498
3.073618812211062,4.3112567387853336,12.289900000000001,0.0,2.2823823856765264
3.167161389181522,2.5504056470206957,12.995800000000001,0.0,2.2407096892759584
2.7738379416402132,2.492163587735884,12.995800000000001,0.0,2.8735646395797834
2.8154087194227095,2.0822613123870632,12.995800000000001,0.0,2.7212954278522306
2.714694743820879,2.5686501932208596,11.1134,0.0,3.0819099697950434
3.190064743014081,2.085724263982504,11.1134,0.0,2.667228206581955
2.8992213731731473,2.2815779805968406,10.5704,0.0,2.5416019934645457
3.234355395716587,2.8249617460097114,12.289900000000001,0.0,2.2300144001592104
2.8148097376737438,2.5837862093461372,10.5704,0.0,2.4159137783010487
2.7421295147550726,3.6548546189770925,12.289900000000001,0.0,2.4765384001174837
3.1144038032714896,2.1243085441136205,12.289900000000001,0.0,2.4849066497880004
3.22207071576472,2.335912513221137,12.289900000000001,0.0,2.3513752571634776
2.925309809257445,2.2504630342235155,10.5704,0.0,2.740840023925201
3.029650491757452,2.4035429310745737,10.5704,0.0,2.714694743820879
2.567254391136754,2.0074150555763612,10.5704,0.0,2.8390784635086144
2.8460714989995846,1.8841973460987684,12.9053,0.0,2.72785282839839
2.783157673589016,2.7022601376565687,12.9053,0.0,2.5416019934645457
3.18924101973851,2.498184770733843,13.394,0.0,2.667228206581955
2.94706710157271,2.7357172474638767,13.394,0.0,2.3608540011180215
3.3123661679555396,2.7836028435028815,13.394,0.0,2.272125885509337
3.555919326857706,2.6863565870169546,13.394,0.0,2.2407096892759584
3.1730412885244013,2.340904438499074,13.394,0.0,2.624668592163159
3.1402654242862895,3.137713490646716,13.394,0.0,2.4423470353692043
3.021400020302569,2.372501005014648,13.394,0.0,2.89591193827178
2.8673305587494666,1.8970754838957269,13.394,0.0,2.9652730660692823
2.9882040071331994,2.394848818884537,13.394,0.0,2.797281334830153
3.210440346047099,2.6248352449424797,13.394,0.0,2.468099531471619
3.2180755046974316,2.457175676049689,13.394,0.0,2.5494451709255714
2.933324813425374,1.9862387647413884,13.394,0.0,2.766319109226186
2.8587664184808337,2.39104001091028,13.394,0.0,2.6100697927420065
2.9512577834521614,2.3349641863179325,12.9053,0.0,2.714694743820879
3.011113375592293,2.143121491225277,12.9053,0.0,2.6390573296152584
2.914522218128448,2.0435189836286223,12.9053,0.0,2.667228206581955
2.930126516455997,1.862705543083853,12.9053,0.0,2.785011242238338
2.9052603703899154,1.8066759959463214,12.9053,0.0,2.8390784635086144
2.8758219768814333,2.224417043716578,12.9053,0.0,2.9338568698359038
2.9811261211646287,2.3526725106043593,12.9053,0.0,2.766319109226186
2.9512577834521614,1.749611943801969,12.9053,0.0,2.714694743820879
2.996232148595642,1.7349827472403847,12.9053,0.0,2.617395832834079
2.88703285663065,2.219266525546099,12.9053,0.0,2.6741486494265287
2.8466520505398383,2.1693085250418154,12.9053,0.0,2.766319109226186
2.7536607123542622,2.0542737224466707,12.9053,0.0,3.044522437723423
2.857618971424357,1.7599471129733726,12.9053,0.0,2.856470206220483
2.750470916986162,1.546095475702301,12.9053,0.0,2.928523523860541
2.7073833121145063,2.035348578369212,12.9053,0.0,3.0204248861443626
2.4239173781615704,1.9200280793412094,12.9053,0.0,3.054001181677967
2.6546494243750947,2.1792099506138976,11.855500000000001,0.0,3.109060958860994
2.7166795278002644,1.4263800846591763,11.855500000000001,0.0,3.039749158970765
2.8986705607108596,1.5633897854422463,11.855500000000001,0.0,2.995732273553991
3.1054831375131102,1.690516391203815,10.5704,0.0,3.0007198150650303
2.9512577834521614,2.807937767457695,10.498,0.0,3.0007198150650303
2.757475084429733,2.6444072787962525,10.498,0.0,3.0492730404820207
2.850128299695199,1.6768703671037264,10.498,0.0,3.039749158970765
2.6297282343267403,1.6170905561197193,9.6292,0.0,3.0252910757955354
2.731766727719526,1.5192243229211484,10.498,0.0,3.186352633162641
2.5384474167160302,1.7311049511313974,11.1134,0.0,3.427514689979529
2.9517803860248084,2.203404332146021,10.5704,0.0,2.6946271807700692
3.2228678461377385,2.000549838013637,10.5704,0.0,2.6602595372658615
2.9796028916241073,1.7700948094248417,11.1134,0.0,2.8735646395797834
3.2546289945740186,2.774050153828231,11.1134,0.0,2.5649493574615367
2.946016681308058,2.418855874659432,11.1134,0.0,2.747270914255491
2.6468837658647226,2.730053020578551,11.1134,0.0,3.109060958860994
2.4630018143999504,1.9204472756044826,9.6292,0.0,3.1780538303479458
2.167910189667444,1.9033276772324317,9.6292,0.0,3.2068032436339315
2.080690761080268,1.9067474913596385,9.6292,0.0,3.258096538021482
2.435366204227864,1.3398262488998969,9.6292,0.0,3.126760535960395
2.663052835171474,1.2174525430495582,10.5523,0.0,3.0726933146901194
2.449279472144849,1.5419446302865207,10.5523,0.0,3.100092288878234
2.7713379403381286,1.9008754243872985,10.5523,0.0,3.0007198150650303
2.5217206229107165,1.763989083482614,10.5523,0.0,3.0726933146901194
2.947591898226056,0.14050948897951462,16.893659999999997,0.0,2.785011242238338
3.217675104291682,0.16836630025465413,16.893659999999997,0.0,2.0794415416798357
3.4236109764990554,0.18851897970190706,16.893659999999997,0.0,2.2082744135228043
2.9481164196123277,0.10051479408986369,16.893659999999997,0.0,2.681021528714291
2.66374994220563,0.10554849798804089,16.893659999999997,0.0,3.0492730404820207
2.565718292524414,0.1598288143805233,5.6686499999999995,0.0,3.126760535960395
2.6803363625346943,0.24652408399188336,5.6686499999999995,0.0,3.2386784521643803
2.9231615807191558,0.16465813975505655,5.6686499999999995,0.0,3.1822118404966093
3.0973859272804907,0.2543320927702268,5.6686499999999995,0.0,3.0301337002713233
2.714694743820879,0.23774049566117803,5.6686499999999995,0.0,2.9601050959108397
2.6333266549062735,0.21440145025736632,5.6686499999999995,0.0,3.100092288878234
2.7788192719904172,0.16367376242147158,5.6686499999999995,0.0,2.917770732084279
2.7298116928837226,0.2024345934245115,5.6686499999999995,0.0,2.8791984572980396
2.367436065313662,0.06074696727310071,6.835889999999999,0.0,3.152736022363656
2.3105532626432224,0.0442752252499075,6.835889999999999,0.0,3.0726933146901194
1.8931119634883424,0.058985632347870916,6.835889999999999,0.0,3.214867803470662
2.012232791986386,0.10399057772120508,6.835889999999999,0.0,3.1354942159291497
2.1838015570040787,0.04632045026850427,6.835889999999999,0.0,2.5572273113676265
